folder_name,perspective_taking,length,readability_fog,readability_flesch_reading_ease,readability_smog,readability_automated_readability,sentiment_polarity,sentiment_subjectivity,comparative,superlative,present,past,future,ESGBERT/EnvironmentalBERT-forest_class_0,ESGBERT/EnvironmentalBERT-forest_class_1,ESGBERT/EnvironmentalBERT-action_class_0,ESGBERT/EnvironmentalBERT-action_class_1,ESGBERT/EnvironmentalBERT-environmental_class_0,ESGBERT/EnvironmentalBERT-environmental_class_1,ESGBERT/GovernanceBERT-governance_class_0,ESGBERT/GovernanceBERT-governance_class_1,ESGBERT/SocialBERT-social_class_0,ESGBERT/SocialBERT-social_class_1,ESGBERT/EnvironmentalBERT-water_class_0,ESGBERT/EnvironmentalBERT-water_class_1,ESGBERT/EnvironmentalBERT-biodiversity_class_0,ESGBERT/EnvironmentalBERT-biodiversity_class_1,exchange,ticker,year1,year2,greenwash_score_mean
NASDAQ_PTC_2018_2019,0.0047169789070854,10.512328784042817,14.17,28.47,17.4,17.2,0.1329917197457061,0.3785436823363926,26,3,436,189,4,0.9763249158859252,0.0236750375479459,0.289334237575531,0.7106658220291138,0.6739014983177185,0.3260985016822815,0.9184236526489258,0.0815763473510742,0.3738461136817932,0.6261539459228516,0.9764181971549988,0.0235818196088075,0.9995455741882324,0.0004544213297776,NASDAQ,PTC,2018,2019,3.741212085000001
NASDAQ_TRMB_2018_2020,0.0066964270766903,11.166214996056205,13.49,20.72,17.8,18.5,0.1314855497067034,0.3865744105500024,45,19,808,285,18,0.9571729302406312,0.0428270436823368,0.409865528345108,0.5901345014572144,0.4272608458995819,0.5727391839027405,0.8439898490905762,0.1560101211071014,0.548949658870697,0.4510503113269806,0.952489733695984,0.0475103259086608,0.9805189967155457,0.0194810535758733,NASDAQ,TRMB,2018,2020,-5.594653695000002
NASDAQ_JBLU_2019_2020,0.011428569251701,11.67201251229127,12.65,29.18,16.9,17.2,0.111325209986836,0.3942996786751701,51,27,1073,698,30,0.9863039255142212,0.0136960595846176,0.4887161552906036,0.5112838745117188,0.3334445059299469,0.6665554642677307,0.8499695658683777,0.1500304341316223,0.7093576192855835,0.2906423807144165,0.9760010838508606,0.0239989068359136,0.993933916091919,0.0060660033486783,NASDAQ,JBLU,2019,2020,-2.6115908549999993
NASDAQ_AAWW_2018_2019,0.0080321269011793,11.165281051345763,12.93,21.53,17.5,17.8,0.1269591359925078,0.3650444252716987,37,32,822,310,9,0.9998566508293152,0.0001433118886779,0.3807214796543121,0.6192784905433655,0.5780889987945557,0.4219110608100891,0.7442582845687866,0.2557417452335357,0.5592111945152283,0.4407887756824493,0.9751393795013428,0.0248606391251087,0.9937372207641602,0.0062627675943076,NASDAQ,AAWW,2018,2019,4.854944640000001
NASDAQ_AMD_2014_2015,0.0135135116873632,12.480300869471929,9.99,18.15,16.5,18.0,0.0945484742867142,0.3787013943384451,100,36,2276,1281,29,0.9949095249176024,0.0050904075615108,0.5341631174087524,0.4658369421958923,0.6475491523742676,0.3524508774280548,0.867834746837616,0.1321653723716735,0.7365792393684387,0.2634207308292389,0.9506128430366516,0.0493872314691543,0.9998179078102112,0.0001821641199057,NASDAQ,AMD,2014,2015,-14.358808480000006
NASDAQ_UNFI_2010_2011,0.0604026440250711,10.658294113482802,13.01,38.96,15.6,14.9,0.1276446537432218,0.3919570566486871,12,7,391,288,20,0.9341089725494384,0.0658909901976585,0.2868575751781463,0.713142454624176,0.3675693869590759,0.6324306130409241,0.9788897037506104,0.0211103353649377,0.678397536277771,0.3216023743152618,0.9533299803733826,0.0466699786484241,0.928853452205658,0.071146473288536,NASDAQ,UNFI,2010,2011,-17.23532277
NASDAQ_QCOM_2005_2006,0.0538461124260673,10.719206285484256,13.44,22.65,17.4,17.4,0.1721409257833732,0.3625011529791646,34,11,424,231,8,0.997886598110199,0.0021134095732122,0.4720489382743835,0.5279510617256165,0.7235370874404907,0.2764628529548645,0.9233787059783936,0.076621375977993,0.6087313294410706,0.3912686705589294,0.9726728200912476,0.0273270905017852,0.9985898733139038,0.0014101425185799,NASDAQ,QCOM,2005,2006,0.0
NASDAQ_XLNX_2015_2016,0.0030487795582989,11.122974389503405,12.94,14.49,17.6,19.1,0.1374013347763347,0.3489578443328446,18,21,682,267,6,0.997443914413452,0.0025560692884027,0.5891127586364746,0.410887211561203,0.7476543188095093,0.2523456513881683,0.8515030145645142,0.148497000336647,0.6068247556686401,0.3931752741336822,0.9490966796875,0.0509033426642417,0.9998332262039183,0.00016672014317,NASDAQ,XLNX,2015,2016,-8.338856950000004
NASDAQ_MSFT_2017_2018,0.0323699384543423,11.618941765554109,12.16,21.23,17.8,18.0,0.1577206628390935,0.3440355708934546,169,26,1344,408,23,0.9959392547607422,0.0040606926195323,0.2310375124216079,0.768962562084198,0.514388918876648,0.485611081123352,0.8617967367172241,0.1382033675909042,0.4164496660232544,0.5835503339767456,0.9705281853675842,0.0294718388468027,0.9888135194778442,0.0111864395439624,NASDAQ,MSFT,2017,2018,-26.631505290000007
NASDAQ_QCOM_2007_2008,0.0101351317111041,11.388382129895628,12.26,23.66,16.9,18.0,0.1276800128949065,0.3956333988706331,29,20,795,486,22,0.972058653831482,0.0279413573443889,0.4443569481372833,0.5556430816650391,0.6331201791763306,0.3668798208236694,0.9024328589439392,0.0975671485066413,0.6056117415428162,0.3943882584571838,0.952374279499054,0.0476256608963012,0.9998036026954652,0.0001963560935109,NASDAQ,QCOM,2007,2008,-8.83158796
NASDAQ_ADSK_2011_2012,0.0294116782009464,8.768574284141687,14.4,23.46,16.5,16.6,0.2670897877223179,0.4452952502651298,12,4,54,18,0,0.9998128414154052,0.0001871734129963,0.2481457293033599,0.7518543004989624,0.1656382381916046,0.834361732006073,0.9756903648376464,0.024309579282999,0.5140470266342163,0.4859529435634613,0.9999375939369202,6.238018977455795e-05,0.9998480081558228,0.0001520000514574,NASDAQ,ADSK,2011,2012,-13.025066690000003
NASDAQ_TEAM_2019_2020,0.0332749503896759,11.044887901749451,11.23,33.65,15.3,14.3,0.1095405488001029,0.3819809534061126,31,14,686,425,36,0.9866397976875304,0.013360203243792,0.3873273730278015,0.6126725673675537,0.6108279228210449,0.3891720175743103,0.9186132550239564,0.0813868045806884,0.5176222920417786,0.4823777675628662,0.9933223128318788,0.0066776615567505,0.9997789859771729,0.0002210260863648,NASDAQ,TEAM,2019,2020,0.0
NASDAQ_ADSK_2013_2014,0.0,11.506474703474764,11.88,23.05,17.3,17.1,0.1223670715535237,0.378573286841444,89,34,904,434,24,0.9971774816513062,0.0028224324341863,0.6333415508270264,0.3666584491729736,0.5293402075767517,0.4706598222255707,0.9094535708427428,0.0905463397502899,0.807611346244812,0.1923885643482208,0.9560100436210632,0.0439898632466793,0.9996927976608276,0.000307232083287,NASDAQ,ADSK,2013,2014,-19.832397730000004
NASDAQ_DNKN_2011_2012,0.0125223591194348,11.200718432540258,12.89,29.28,16.8,17.0,0.1163065827897917,0.3864968275229475,50,11,722,448,27,0.9577436447143556,0.0422563962638378,0.1745415925979614,0.8254585266113281,0.6079310774803162,0.3920688927173614,0.9444655776023864,0.0555343739688396,0.6758550405502319,0.3241450190544128,0.9644370079040528,0.0355630032718181,0.9968500137329102,0.00315001164563,NASDAQ,DNKN,2011,2012,-7.485181409999996
NASDAQ_AMZN_2021_2022,0.0050864697311053,12.664680337036424,10.84,22.75,17.0,16.7,0.1357059005704155,0.3644053415964697,321,82,3281,1664,71,0.9528962969779968,0.0471037402749061,0.2303011417388916,0.7696987986564636,0.4301086664199829,0.5698912739753723,0.8806573152542114,0.1193426847457885,0.559324324131012,0.4406756460666656,0.9445145726203918,0.0554853938519954,0.9886038303375244,0.0113962450996041,NASDAQ,AMZN,2021,2022,-24.171262955000003
NASDAQ_AAON_2020_2021,0.010695181446427,10.648657761163223,12.99,23.36,16.6,16.3,0.1471330384564017,0.389627635970751,10,6,405,215,12,0.9998487830162048,0.0001512074668426,0.5131022334098816,0.4868977665901184,0.5261707901954651,0.4738292396068573,0.8692340850830078,0.1307659298181533,0.5690332055091858,0.4309668242931366,0.950448215007782,0.0495517738163471,0.99977844953537,0.0002215486019849,NASDAQ,AAON,2020,2021,-5.080204940000005
NASDAQ_ADSK_2012_2013,0.0031104194229518,11.908851890819648,11.98,22.04,17.6,17.7,0.1168782191589336,0.3816579310628345,120,46,1400,610,44,0.990389049053192,0.0096109770238399,0.5607577562332153,0.4392422437667846,0.4839363694190979,0.5160636901855469,0.9177380204200744,0.0822619870305061,0.8157468438148499,0.1842531263828277,0.948284924030304,0.051715038716793,0.9974935054779052,0.0025064500514417,NASDAQ,ADSK,2012,2013,-15.938396480000002
NASDAQ_DECK_2020_2021,0.0186491926084076,13.219892910802358,7.44,46.17,13.6,12.4,0.0455773479572446,0.3586451116941619,96,104,3406,4009,131,0.9424411058425904,0.0575589574873447,0.7524975538253784,0.2475023865699768,0.5753080248832703,0.4246919751167297,0.9576929807662964,0.0423069819808006,0.8665602207183838,0.1334397792816162,0.9108318090438844,0.0891681909561157,0.9928350448608398,0.0071649518795311,NASDAQ,DECK,2020,2021,-13.033062034999997
NASDAQ_VRTU_2021_2022,0.0154109562652472,11.70464439448365,11.78,14.59,17.8,17.7,0.0894297366659534,0.3447318334390575,18,20,1257,669,7,0.9816951155662536,0.0183048751205205,0.6349231004714966,0.3650768995285034,0.4541514813899994,0.545848548412323,0.6525781750679016,0.3474217653274536,0.5030869245529175,0.4969131052494049,0.9537571668624878,0.0462429225444793,0.9732258319854736,0.0267741307616233,NASDAQ,VRTU,2021,2022,0.0
NASDAQ_QCOM_2016_2017,0.0070175413973538,11.112328488258925,13.58,19.71,17.7,18.3,0.1176235274288552,0.4155573608237541,27,8,532,354,11,0.9874674677848816,0.0125324577093124,0.4917903244495392,0.5082097053527832,0.4793488383293152,0.5206511616706848,0.8793259263038635,0.1206740140914917,0.558186948299408,0.4418130815029144,0.9171608090400696,0.0828392207622528,0.9934151768684388,0.0065847719088196,NASDAQ,QCOM,2016,2017,-9.27463976
NASDAQ_INTC_2020_2021,0.0025619127855716,12.809606886150126,10.71,22.75,17.3,17.3,0.1036687007282878,0.3441678902545828,241,67,3035,2107,100,0.994934380054474,0.0050655952654778,0.2862601280212402,0.7137398719787598,0.5554633140563965,0.4445367157459259,0.8900313973426819,0.1099686473608017,0.5122111439704895,0.4877888262271881,0.90352463722229,0.0964753180742263,0.994974672794342,0.0050253141671419,NASDAQ,INTC,2020,2021,-11.078888254999995
NASDAQ_CWST_2019_2020,0.0109204351138166,11.351112168807624,11.63,23.87,16.6,15.9,0.1580581899312386,0.3907264241135211,60,24,984,407,37,0.9945777654647828,0.0054222578182816,0.53486567735672,0.4651343524456024,0.3487083613872528,0.65129154920578,0.9036462903022766,0.0963538140058517,0.6130740642547607,0.3869258761405945,0.9509224891662598,0.049077570438385,0.994882345199585,0.0051176524721086,NASDAQ,CWST,2019,2020,4.714893759999999
NASDAQ_RBBN_2020_2021,0.0048543683429164,11.878207263444406,13.89,16.86,19.1,19.7,0.113754436309041,0.398454665261448,73,24,1290,720,22,0.9975745677947998,0.0024253688752651,0.5272226333618164,0.4727773368358612,0.5374451875686646,0.4625548422336578,0.8350229263305664,0.1649770885705948,0.6793400049209595,0.3206599652767181,0.9846978783607484,0.0153022352606058,0.9997432827949524,0.0002566086186561,NASDAQ,RBBN,2020,2021,0.0
NASDAQ_CWST_2017_2018,0.0138297857627887,11.68264292278116,11.07,24.58,16.1,15.7,0.1440095638859681,0.4048068556495531,76,41,1453,530,42,0.980731964111328,0.0192679520696401,0.4761604368686676,0.52383953332901,0.2823531031608581,0.7176468968391418,0.9331366419792176,0.0668633431196212,0.796136736869812,0.2038632333278656,0.9184781312942504,0.0815218538045883,0.9801360368728638,0.0198639184236526,NASDAQ,CWST,2017,2018,-13.363037040000005
NASDAQ_KELYA_2014_2015,0.0245535659478647,11.233846281325716,12.78,21.63,17.3,17.1,0.1355001692995113,0.3876028105057711,48,25,893,346,9,0.9879146814346312,0.0120852198451757,0.3483687937259674,0.6516311764717102,0.804715096950531,0.1952849328517913,0.8891229629516602,0.1108770668506622,0.419542133808136,0.5804579257965088,0.9506853222846984,0.0493146441876888,0.9925131797790528,0.0074868169613182,NASDAQ,KELYA,2014,2015,0.0
NASDAQ_QCOM_2015_2016,0.0202140285120061,11.601815076971633,12.82,20.42,17.5,18.0,0.138207394347012,0.4315948117559115,49,23,1015,593,34,0.996518075466156,0.003481903579086,0.5364365577697754,0.4635633826255798,0.5600194931030273,0.4399805665016174,0.8507755994796753,0.1492244303226471,0.6063866019248962,0.3936134576797485,0.9202995300292968,0.0797004550695419,0.9997408986091614,0.0002591494412627,NASDAQ,QCOM,2015,2016,-10.837252914999997
NASDAQ_OTEX_2019_2020,0.0049999991666668,11.28461860669914,13.91,10.33,18.8,19.2,0.1216090143908516,0.3749414978433771,37,16,997,337,13,0.9841721057891846,0.015827901661396,0.5139667391777039,0.4860332608222961,0.6522800922393799,0.3477199375629425,0.8595485091209412,0.1404514461755752,0.4702605009078979,0.529739499092102,0.9829413294792176,0.0170587394386529,0.9995170831680298,0.0004829229146707,NASDAQ,OTEX,2019,2020,-20.144017345
NASDAQ_VRTU_2020_2021,0.0,11.738019113608052,12.93,20.01,18.4,18.7,0.0878051688649515,0.3367376366665669,19,13,1012,659,5,0.9872194528579712,0.0127805089578032,0.6308994293212891,0.3691005706787109,0.5123357772827148,0.4876641929149627,0.7142518758773804,0.2857481241226196,0.5264826416969299,0.4735173881053924,0.932335078716278,0.0676649659872055,0.9925695061683656,0.0074305008165538,NASDAQ,VRTU,2020,2021,0.0
NASDAQ_XLNX_2013_2014,0.0272727148760386,10.909801787057871,13.85,12.56,17.8,18.6,0.1394207488122729,0.3479598106231079,45,16,576,260,9,0.9998619556427002,0.0001379899913445,0.5243390798568726,0.4756610095500946,0.7349367737770081,0.2650632858276367,0.9002745151519775,0.0997254699468612,0.6628625988960266,0.3371374309062958,0.9691975116729736,0.0308026168495416,0.9827898740768432,0.0172101035714149,NASDAQ,XLNX,2013,2014,-14.137142370000003
NASDAQ_FLEX_2010_2011,0.0147874279505678,11.977011620451927,11.72,14.29,17.5,17.6,0.115665023085491,0.3802905584478217,40,25,1449,814,60,0.994871199131012,0.005128760356456,0.544905960559845,0.4550940692424774,0.7237327098846436,0.2762672901153564,0.9104609489440918,0.0895390510559082,0.6073311567306519,0.3926688730716705,0.960989236831665,0.0390106998383998,0.9971888661384584,0.0028111543506383,NASDAQ,FLEX,2010,2011,-27.03122093
NASDAQ_AMZN_2020_2021,0.0,12.578011993413169,10.61,23.66,17.0,16.8,0.1228130169912758,0.3549740227959228,256,66,2989,1493,81,0.9566023945808412,0.0433976203203201,0.270982950925827,0.7290170788764954,0.4077679812908172,0.5922320485115051,0.8951681852340698,0.1048318743705749,0.5838701128959656,0.4161298274993896,0.9463196992874146,0.0536802895367145,0.9913694262504578,0.0086305057629942,NASDAQ,AMZN,2020,2021,-29.276842330000008
NASDAQ_QCOM_2011_2012,0.0070312494506836,12.100912109875011,11.94,21.84,17.7,17.9,0.1275290241563723,0.3834474242306621,103,47,1742,946,19,0.9952009916305542,0.0047989729791879,0.417042464017868,0.5829575061798096,0.6152158975601196,0.3847841322422027,0.8767074346542358,0.1232925653457641,0.5859745740890503,0.4140253663063049,0.9377275705337524,0.0622724592685699,0.9909167885780334,0.0090831751003861,NASDAQ,QCOM,2011,2012,-14.754792024999999
NASDAQ_VRTU_2018_2019,0.0038834943915544,11.665002567850578,12.77,20.21,17.8,18.0,0.0871820679320679,0.3477492383608462,24,12,982,596,11,0.9741804599761964,0.0258195213973522,0.5718376636505127,0.4281623661518097,0.5077518224716187,0.4922482073307037,0.838036060333252,0.1619639843702316,0.6654321551322937,0.3345677852630615,0.931915819644928,0.0680841207504272,0.985984206199646,0.0140157174319028,NASDAQ,VRTU,2018,2019,-9.763236565
NASDAQ_LNDC_2019_2020,0.0116009253826159,11.200117019200826,15.48,6.27,19.6,21.7,0.10264812207994,0.3675437567483021,20,28,672,297,10,0.9897019863128662,0.0102980062365531,0.6200119256973267,0.3799880743026733,0.3723807036876678,0.6276192665100098,0.8769552707672119,0.1230447590351104,0.5563068985939026,0.4436930418014526,0.9096930027008056,0.0903070047497749,0.9942142963409424,0.0057856650091707,NASDAQ,LNDC,2019,2020,-0.910309980000001
NASDAQ_DNKN_2015_2016,0.0232843108720207,11.450209282364696,11.72,31.11,16.2,15.7,0.1196556852812536,0.3419935816887594,56,18,875,614,29,0.9097907543182372,0.0902092531323432,0.3332663178443908,0.6667336821556091,0.6399164199829102,0.3600835800170898,0.8921906352043152,0.107809379696846,0.6424996852874756,0.357500284910202,0.9555603861808776,0.0444396585226058,0.9954389929771424,0.0045609637163579,NASDAQ,DNKN,2015,2016,-16.76929116
NASDAQ_QCOM_2019_2020,0.0167158292314818,12.128997197849866,11.59,22.14,17.4,17.8,0.123659569133745,0.3916083730754259,98,44,1650,1004,36,0.9952437281608582,0.0047562820836901,0.4483666121959686,0.5516334176063538,0.5778430104255676,0.4221569895744324,0.8600268363952637,0.1399732083082199,0.6011938452720642,0.3988061249256134,0.9482932686805724,0.0517067648470401,0.9952293038368224,0.0047706444747745,NASDAQ,QCOM,2019,2020,-1.7630663600000034
NASDAQ_QCOM_2006_2007,0.0241545835375402,11.38694265284588,13.14,28.67,17.0,17.0,0.1727967063258456,0.4046121123711312,35,27,952,531,5,0.9848328828811646,0.0151670901104807,0.4688664376735687,0.5311335325241089,0.7392397522926331,0.2607603371143341,0.9472690224647522,0.0527308769524097,0.3917951583862304,0.6082048416137695,0.9709069728851318,0.0290930569171905,0.9911880493164062,0.0088119627907872,NASDAQ,QCOM,2006,2007,5.203510379999999
NASDAQ_AMZN_2018_2019,0.063205403339638,11.453101147824563,12.03,22.24,17.4,16.9,0.1458967591281024,0.3868267901252981,92,26,1086,456,28,0.956367015838623,0.0436329208314418,0.1587526053190231,0.8412474393844604,0.2884144783020019,0.711585521697998,0.960023045539856,0.0399770066142082,0.7670629024505615,0.2329370975494384,0.8847000598907471,0.1152999401092529,0.9984402656555176,0.0015596322482451,NASDAQ,AMZN,2018,2019,-36.111911225
NASDAQ_VREX_2016_2017,0.017291063790913,11.348227692929823,11.73,23.16,17.0,16.2,0.1526969152158134,0.4015576036634365,64,15,1050,436,31,0.9948216676712036,0.0051783323287963,0.4931491017341614,0.5068508386611938,0.4803502559661865,0.5196496844291687,0.8476368188858032,0.1523631811141967,0.5508515238761902,0.4491485059261322,0.9645981192588806,0.0354018844664096,0.9997084140777588,0.0002916267549153,NASDAQ,VREX,2016,2017,0.0
NASDAQ_SCHN_2020_2021,0.0021141646813779,12.045246400280826,11.98,21.63,17.9,18.3,0.1277337102101252,0.3873066068496501,82,54,1624,855,10,0.9875505566596984,0.0124494368210434,0.5229166150093079,0.4770834743976593,0.4215601980686188,0.5784397721290588,0.8694496154785156,0.1305504888296127,0.591557502746582,0.4084425270557403,0.9183166027069092,0.0816833898425102,0.9991715550422668,0.0008285386138595,NASDAQ,SCHN,2020,2021,6.04023291
NASDAQ_CTAS_2021_2022,0.0019546519955179,12.627174854417737,11.1,22.14,17.5,17.4,0.1099068628837642,0.3710388313458345,228,62,2957,1626,55,0.9993348121643066,0.0006651991279795,0.4581087231636047,0.54189133644104,0.522574782371521,0.4774252772331238,0.8085967302322388,0.1914032697677612,0.4842076599597931,0.5157923698425293,0.894642174243927,0.1053578779101371,0.9985230565071106,0.0014769694535061,NASDAQ,CTAS,2021,2022,-15.170864514999998
NASDAQ_SCHN_2018_2019,0.0221518952291305,11.749829899534475,12.28,21.43,17.3,17.6,0.1299951135952991,0.4184905104641944,77,24,1267,618,28,0.996401846408844,0.0035981792025268,0.5163246989250183,0.4836753010749817,0.4393450617790222,0.5606549382209778,0.8707641959190369,0.1292357593774795,0.6255528926849365,0.3744471371173858,0.8698221445083618,0.1301779001951217,0.989447057247162,0.0105529325082898,NASDAQ,SCHN,2018,2019,0.8710950500000045
NASDAQ_XLNX_2019_2020,0.0043763666572501,11.481847509399367,11.72,15.51,17.1,17.0,0.1261460394024924,0.3660344146505712,39,26,979,430,13,0.9998553991317748,0.0001446207024855,0.5501522421836853,0.4498477876186371,0.6053194999694824,0.3946805596351623,0.8582433462142944,0.1417566835880279,0.6328272223472595,0.3671728074550628,0.9545767903327942,0.045423224568367,0.990700900554657,0.0092990491539239,NASDAQ,XLNX,2019,2020,-10.376551874999997
NASDAQ_SSYS_2020_2021,0.0115236861045216,11.999780065737443,11.79,21.84,17.7,17.6,0.1080545871679236,0.3966042839646036,66,34,1673,724,19,0.9998295903205872,0.0001704258465906,0.6172903776168823,0.3827095925807953,0.509793221950531,0.4902068376541137,0.8363652229309082,0.1636347770690918,0.5559570789337158,0.4440429210662842,0.95817369222641,0.0418262220919132,0.9996957778930664,0.0003041813615709,NASDAQ,SSYS,2020,2021,-2.1375827800000007
NASDAQ_ISRG_2018_2019,0.0114416449790286,10.972104443668837,12.36,23.16,17.0,16.9,0.138131936722405,0.3741880265668638,36,14,661,226,2,0.9929095506668092,0.0070904591120779,0.403197169303894,0.596802830696106,0.5364676713943481,0.4635323286056518,0.9026535749435424,0.0973463729023933,0.6702839136123657,0.3297160863876343,0.9928463697433472,0.007153726182878,0.9997994899749756,0.0002004016423597,NASDAQ,ISRG,2018,2019,-12.435610564999998
NASDAQ_LNDC_2020_2021,0.0067114078945396,11.387033389742967,13.96,9.52,18.7,20.1,0.1024518061443853,0.3730586335533336,22,30,742,380,15,0.9952365756034852,0.0047633633948862,0.6414358615875244,0.3585641384124756,0.3855627477169037,0.6144371628761292,0.8879526257514954,0.112047366797924,0.5767866969108582,0.4232133328914642,0.9094409942626952,0.0905590504407882,0.986736297607422,0.0132637154310941,NASDAQ,LNDC,2020,2021,-4.938433510000002
NASDAQ_DNKN_2013_2014,0.0069444437555115,11.69458013277648,11.59,30.8,16.4,16.2,0.1199128199128197,0.3625027037527041,62,28,1127,629,41,0.9422752261161804,0.0577247180044651,0.283534824848175,0.7164651155471802,0.707260012626648,0.2927400767803192,0.942804992198944,0.0571949817240238,0.6291955709457397,0.3708044290542602,0.9571941494941713,0.0428058058023452,0.9930971264839172,0.006902867462486,NASDAQ,DNKN,2013,2014,-9.483996380000004
NASDAQ_MSEX_2018_2019,0.1153845983158878,11.953789891430254,12.46,21.43,17.9,18.1,0.1128628871460406,0.3839068521416189,61,22,1658,654,37,0.9948078989982604,0.0051921592094004,0.5513955354690552,0.4486044943332672,0.5627930760383606,0.437206894159317,0.9132190942764282,0.0867809504270553,0.7127524614334106,0.2872475087642669,0.5334741473197937,0.4665257930755615,0.999798595905304,0.0002014032506849,NASDAQ,MSEX,2018,2019,23.84695596
NASDAQ_PAYX_2018_2019,0.0597014034307411,9.49046898877305,13.66,31.51,15.6,15.7,0.2060413809792692,0.4502016410090944,19,3,155,81,1,0.968898057937622,0.0311019774526357,0.2922713160514831,0.7077286839485168,0.7157325148582458,0.2842674553394317,0.9330647587776184,0.0669352412223815,0.4736228883266449,0.5263770818710327,0.999942183494568,5.782791777164675e-05,0.9997161626815796,0.0002838000655174,NASDAQ,PAYX,2018,2019,-0.6586573199999997
NASDAQ_LRCX_2017_2018,0.0080808064483219,11.455582328187695,11.11,25.19,16.4,15.7,0.1277415539232137,0.3836081399823944,42,11,837,525,21,0.9998295903205872,0.0001703791494946,0.3680464029312134,0.6319536566734314,0.6092419624328613,0.3907579481601715,0.8895060420036316,0.1104939430952072,0.4949291944503784,0.5050708055496216,0.9397718906402588,0.0602281056344509,0.9905495643615724,0.0094503639265894,NASDAQ,LRCX,2017,2018,-6.50618025
NASDAQ_LRCX_2018_2019,0.003260869210775,11.77779428273175,12.07,21.63,17.4,17.1,0.115281658904413,0.3635623188816807,48,44,1137,702,22,0.9934833645820618,0.0065165641717612,0.3408296108245849,0.659170389175415,0.6590728163719177,0.3409271836280823,0.8623449802398682,0.1376549750566482,0.4521251022815704,0.547874927520752,0.9247827529907228,0.0752171501517295,0.999786376953125,0.0002135905815521,NASDAQ,LRCX,2018,2019,-4.556827809999998
NASDAQ_CZR_2015_2016,0.0317700429825988,12.263978280131145,12.0,28.98,16.4,16.6,0.1451465137605864,0.3946993745565725,118,46,1965,1116,20,0.9935044050216676,0.0064955684356391,0.6219815611839294,0.3780184388160705,0.6653006672859192,0.3346993625164032,0.9324368238449096,0.0675631389021873,0.5566930770874023,0.44330695271492,0.9592010378837584,0.040799006819725,0.9995364546775818,0.0004635369114112,NASDAQ,CZR,2015,2016,1.4237554949999982
NASDAQ_CVLT_2019_2020,0.0150659105337268,10.891037918182654,16.05,6.78,19.6,21.2,0.1249546113608612,0.3652738767642612,17,18,577,213,3,0.999813199043274,0.0001868242252385,0.364195317029953,0.6358046531677246,0.5668750405311584,0.4331249594688415,0.8699964284896851,0.1300036013126373,0.4164477586746216,0.5835522413253784,0.9996775388717652,0.0003224585088901,0.9940848350524902,0.0059151849709451,NASDAQ,CVLT,2019,2020,-5.960945454999999
NASDAQ_AMD_2020_2021,0.0098253264382831,12.224153202679036,12.09,20.42,18.1,18.0,0.0958643360442388,0.3883378562590939,134,56,1918,1065,28,0.991282045841217,0.0087179625406861,0.4660848081111908,0.5339152216911316,0.5017731785774231,0.4982268512248993,0.8450173139572144,0.1549826562404632,0.5889438986778259,0.4110560715198517,0.940710186958313,0.0592898018658161,0.9976808428764344,0.0023191156797111,NASDAQ,AMD,2020,2021,3.732770350000003
NASDAQ_VRTU_2017_2018,0.0019920314756909,11.527656429570223,11.72,23.36,17.1,17.1,0.0964276705622859,0.3493709896594517,18,9,836,561,10,0.9818768501281738,0.0181230679154396,0.7001226544380188,0.2998773157596588,0.6732128262519836,0.3267871737480163,0.8667622804641724,0.1332378089427948,0.7750755548477173,0.2249244004487991,0.9490089416503906,0.0509910583496093,0.9890772700309752,0.0109227485954761,NASDAQ,VRTU,2017,2018,-12.505003315
NASDAQ_PTC_2017_2018,0.0072115367279959,10.987595155001356,13.55,21.13,17.0,18.1,0.1520568430625089,0.4127824713058427,36,13,648,308,15,0.9722636342048644,0.0277364067733287,0.3794767260551452,0.6205232739448547,0.7127816081047058,0.2872183620929718,0.9257169365882874,0.074283055961132,0.5274655222892761,0.4725345373153686,0.9723482131958008,0.027651734650135,0.9929307699203492,0.0070692868903279,NASDAQ,PTC,2017,2018,-10.087262799999998
NASDAQ_QCOM_2012_2013,0.0035778168912671,10.941039707899774,13.27,12.87,18.0,18.1,0.1269789181008693,0.4015488684756981,20,13,436,320,14,0.9843524694442748,0.0156475789844989,0.2221507430076599,0.7778492569923401,0.3839188516139984,0.616081178188324,0.81266850233078,0.1873315274715423,0.4785762727260589,0.5214236974716187,0.9069361090660096,0.0930638313293457,0.9921103715896606,0.0078895669430494,NASDAQ,QCOM,2012,2013,-20.872313034999998
NASDAQ_ROST_2019_2020,0.0076335848726775,10.39451854897394,12.19,22.85,17.2,16.9,0.0532168861762502,0.37686835543726,27,5,283,165,7,0.9738119840621948,0.0261879861354827,0.4750704765319824,0.5249294638633728,0.0754685997962951,0.92453134059906,0.9327036738395692,0.0672963112592697,0.8837111592292786,0.1162888556718826,0.9749360084533693,0.025063931941986,0.9998611211776732,0.0001388559030601,NASDAQ,ROST,2019,2020,-1.9199115599999992
NASDAQ_AAON_2019_2020,0.0,9.787571522938784,13.78,17.34,16.4,16.1,0.1253743875172446,0.3451943935185691,4,1,221,76,3,0.978302001953125,0.0216978956013917,0.404269278049469,0.595730721950531,0.4932702779769897,0.5067297220230103,0.8899716138839722,0.1100284457206726,0.4775439202785492,0.5224560499191284,0.9999346137046814,6.534664862556383e-05,0.9997491240501404,0.0002508239995222,NASDAQ,AAON,2019,2020,-5.019973365000002
NASDAQ_RBBN_2019_2020,0.0121359193844855,11.270802947058217,13.41,20.62,17.3,18.9,0.1341130713813037,0.3884450740167671,53,20,762,354,27,0.9944212436676024,0.0055787381716072,0.5624533295631409,0.4375466406345367,0.580430805683136,0.419569194316864,0.8821582198143005,0.1178418472409248,0.7113690376281738,0.2886309325695038,0.9727749824523926,0.0272249653935432,0.9998014569282532,0.000198458234081,NASDAQ,RBBN,2019,2020,0.0
NASDAQ_DECK_2021_2022,0.0045402948615042,12.795995915154814,9.06,42.72,14.5,14.1,0.0677679534110054,0.3410065925933324,86,51,2788,3498,117,0.9349499344825744,0.0650500431656837,0.7034592628479004,0.296540766954422,0.6150954365730286,0.384904533624649,0.9622443318367004,0.0377556458115577,0.8097363710403442,0.1902635395526886,0.9417547583580016,0.0582452490925788,0.9921256303787231,0.0078743752092123,NASDAQ,DECK,2021,2022,-14.500110025
NASDAQ_CZR_2020_2021,0.0096153836908284,11.817258143490989,13.32,26.34,17.4,18.7,0.1938656065260901,0.4140591780978872,78,35,1350,670,49,0.9998436570167542,0.0001563039550092,0.4519000351428985,0.5480999946594238,0.6856754422187805,0.3143245279788971,0.9049918055534364,0.0950082316994667,0.3969683647155761,0.6030316352844238,0.9873958826065063,0.0126042123883962,0.9995596408843994,0.000440398172941,NASDAQ,CZR,2020,2021,-4.620836729999997
NASDAQ_NDSN_2020_2021,0.0160513617895085,11.46046306639399,12.31,14.49,17.8,18.2,0.1502016015999063,0.399249381608139,50,17,1093,415,16,0.99985533952713,0.0001446300011593,0.4660542011260986,0.5339457988739014,0.5514428019523621,0.4485572576522827,0.7403552532196045,0.2596447467803955,0.4185960292816162,0.581403911113739,0.9588543176651,0.0411456748843193,0.9997693300247192,0.0002306688838871,NASDAQ,NDSN,2020,2021,-12.346295714999997
NASDAQ_HWKN_2019_2020,0.0049999975000012,10.193728847382832,12.87,24.27,16.4,15.9,0.1783176802269268,0.4548476704041773,11,3,290,106,5,0.9998244047164916,0.0001755263801896,0.5646937489509583,0.4353062808513641,0.4654094874858856,0.5345906019210815,0.9546111822128296,0.0453888960182666,0.5767267942428589,0.4232731759548187,0.7334364652633667,0.2665635645389557,0.9995042085647584,0.0004957718192599,NASDAQ,HWKN,2019,2020,7.359280434999997
NASDAQ_CRMT_2021_2022,0.0191637597275679,11.338655407686757,11.69,23.87,16.8,15.6,0.1444063128127697,0.391558329149389,32,20,1065,436,16,0.9997233748435974,0.0002766567922662,0.5662100911140442,0.4337898790836334,0.8354895710945129,0.1645103842020034,0.8688914179801941,0.1311085969209671,0.4925427734851837,0.5074571967124939,0.9791210293769836,0.0208788812160491,0.9998116493225098,0.0001883509539766,NASDAQ,CRMT,2021,2022,-11.770839189999998
NASDAQ_XLNX_2018_2019,0.0162601493819923,10.432791397547891,13.8,21.74,17.7,18.0,0.1107863213351792,0.3530209109841089,8,5,298,124,5,0.9998453855514526,0.0001546338462503,0.6130199432373047,0.3869801163673401,0.6251900792121887,0.3748099207878113,0.9516117572784424,0.0483882501721382,0.5672962069511414,0.432703822851181,0.9266268014907836,0.0733732059597969,0.9875268936157228,0.012473096139729,NASDAQ,XLNX,2018,2019,-8.210472045
NASDAQ_DECK_2017_2018,0.0126811571229787,11.069135242540396,10.93,33.04,15.3,14.5,0.1118105039176031,0.394387532976732,26,22,659,332,15,0.92534601688385,0.0746539756655693,0.3828634023666382,0.617136538028717,0.4787443578243255,0.5212556719779968,0.931440770626068,0.0685592591762542,0.5644005537033081,0.4355994462966919,0.8627015948295593,0.1372984051704406,0.9821742177009584,0.017825799062848,NASDAQ,DECK,2017,2018,-10.968172630000005
NASDAQ_INTC_2021_2022,0.0031545740081003,12.90725991775602,10.24,23.77,17.0,16.8,0.1058705149202486,0.3373224146708808,265,71,3408,2250,98,0.9909129738807678,0.0090870792046189,0.2892570793628692,0.7107428908348083,0.5634941458702087,0.4365058541297912,0.8977177739143372,0.102282278239727,0.4958407282829284,0.5041592717170715,0.9154622554779052,0.0845376923680305,0.9987245798110962,0.0012753622140735,NASDAQ,INTC,2021,2022,-12.76920483499999
NASDAQ_PAYX_2019_2020,0.0449438033918339,11.074854517113147,12.31,31.62,16.5,16.2,0.1270916421820036,0.4101610107132202,37,15,630,434,7,0.9892399907112122,0.0107600167393684,0.3946477472782135,0.6053522825241089,0.7975263595581055,0.202473759651184,0.9486169815063475,0.0513829253613948,0.5244823098182678,0.4755176603794098,0.9999369978904724,6.303252303041518e-05,0.9993515014648438,0.0006484906189143,NASDAQ,PAYX,2019,2020,-3.6735933000000003
NASDAQ_LRCX_2019_2020,0.0082335323178493,12.061665179399236,12.9,18.59,18.0,17.8,0.1162033462943482,0.3805514929331662,62,48,1487,868,16,0.9825783967971802,0.0174215603619813,0.4052375555038452,0.59476238489151,0.5904490947723389,0.4095509052276611,0.733271598815918,0.266728401184082,0.4661810994148254,0.5338189005851746,0.9258796572685242,0.0741203874349594,0.9874222874641418,0.0125776221975684,NASDAQ,LRCX,2019,2020,-11.137783235
NASDAQ_MXIM_2017_2018,0.0085910638159684,11.429304697000154,12.19,22.75,17.5,17.3,0.1164835343911697,0.3846574008913912,47,9,919,497,25,0.9952399730682372,0.0047600823454558,0.5800450444221497,0.4199549257755279,0.6362095475196838,0.3637904822826385,0.8074052333831787,0.1925947219133377,0.5329034328460693,0.4670965373516083,0.9166353940963744,0.0833645910024643,0.9997772574424744,0.0002227762161055,NASDAQ,MXIM,2017,2018,-17.56266
NASDAQ_MSEX_2020_2021,0.0038560406354703,11.958533937381242,12.66,11.65,18.6,18.9,0.0926377726062535,0.371347662366287,48,19,1518,764,11,0.9966859221458436,0.0033141376916319,0.6188924312591553,0.3811075389385223,0.4292671084403991,0.5707329511642456,0.8422244787216187,0.1577755957841873,0.6671164035797119,0.3328835964202881,0.5450664758682251,0.4549335241317749,0.9941961765289308,0.0058037075214087,NASDAQ,MSEX,2020,2021,13.023128615000001
NASDAQ_CRMT_2020_2021,0.0304114435757703,11.314303779962756,11.89,23.16,16.9,15.7,0.1425290258675618,0.3829571976138379,33,17,1041,421,15,0.9943209886550904,0.0056789624504745,0.5545134544372559,0.4454865455627441,0.831376850605011,0.1686231642961502,0.8568435311317444,0.1431564688682556,0.5165321826934814,0.4834678173065185,0.9837397933006288,0.0162601601332426,0.9998313188552856,0.0001686962932581,NASDAQ,CRMT,2020,2021,-1.7233769299999988
NASDAQ_BRKS_2019_2020,0.012072432178585,11.030298495562915,13.44,12.67,18.1,18.4,0.1341385134140235,0.3441358754624061,19,12,746,266,7,0.9860569834709167,0.0139430267736315,0.4082120954990387,0.5917879343032837,0.6446737051010132,0.3553262948989868,0.8134727478027344,0.186527281999588,0.4525022506713867,0.5474977493286133,0.9930031299591064,0.0069969212636351,0.9997661113739014,0.0002337982296012,NASDAQ,BRKS,2019,2020,-20.949571305
NASDAQ_QCOM_2014_2015,0.0108864679803315,11.475452024446678,13.08,19.91,17.8,18.7,0.1289761513750925,0.4390272667125415,40,18,941,459,23,0.9998179078102112,0.0001820607576519,0.5690746903419495,0.4309253394603729,0.5657899975776672,0.4342100322246551,0.8732775449752808,0.1267224103212356,0.6258184909820557,0.3741815686225891,0.9662652611732484,0.0337348543107509,0.9997708201408386,0.0002292162826051,NASDAQ,QCOM,2014,2015,-9.511674454999998
NASDAQ_QCOM_2018_2019,0.0102739708434981,11.53087343227086,12.52,21.63,17.4,17.2,0.1288652105530588,0.4174097850356819,57,30,886,551,21,0.9956639409065248,0.0043360288254916,0.4555662274360657,0.5444337725639343,0.62198406457901,0.37801593542099,0.8933078646659851,0.1066920831799507,0.5475636720657349,0.4524362981319427,0.9251784086227416,0.074821613729,0.9937120676040648,0.0062879268079996,NASDAQ,QCOM,2018,2019,1.0808319850000032
NASDAQ_CONE_2021_2022,0.0128424652036615,12.754214285049086,11.3,20.82,17.5,17.5,0.1002298767253676,0.3886956276717037,194,76,3636,1854,92,0.9906812310218812,0.0093186572194099,0.6065171957015991,0.3934828341007232,0.28418630361557,0.7158136963844299,0.8188179135322571,0.1811820119619369,0.7130987048149109,0.2869012355804443,0.7116109132766724,0.2883890569210052,0.9250775575637816,0.0749224498867988,NASDAQ,CONE,2021,2022,0.0
NASDAQ_JBLU_2018_2019,0.0,9.302554855963994,14.12,31.51,16.0,16.4,0.0995267444419987,0.3706077114975419,4,1,72,67,6,0.999869704246521,0.0001302445598412,0.723628580570221,0.2763713896274566,0.1250674575567245,0.8749325275421143,0.7826433777809143,0.2173566222190857,0.7069740295410156,0.2930260300636291,0.999941885471344,5.810766378999688e-05,0.9998548030853271,0.0001451897405786,NASDAQ,JBLU,2018,2019,-5.470416114999999
NASDAQ_ANSS_2017_2018,0.0049751219029244,10.356122465120682,13.74,14.29,17.8,17.1,0.1346815672250454,0.3784701361440492,16,3,346,128,5,0.9720571041107178,0.0279429946094751,0.4994738698005676,0.5005260705947876,0.7155202031135559,0.2844798266887665,0.8197222352027893,0.1802777051925659,0.6233620047569275,0.3766379952430725,0.9239892959594728,0.0760106891393661,0.9997368454933168,0.0002632177202031,NASDAQ,ANSS,2017,2018,-11.506032389999998
NASDAQ_CBSH_2016_2017,0.0332326183587255,10.67130147767883,10.2,45.46,13.8,11.9,0.1688759597061122,0.4414196638814961,19,17,537,237,5,0.9998535513877868,0.0001463770167902,0.4314317107200622,0.5685682892799377,0.8867360353469849,0.1132640093564987,0.9380478262901306,0.061952207237482,0.6601641774177551,0.3398358225822449,0.9999454021453856,5.4608033678960055e-05,0.9998398423194884,0.0001601418334757,NASDAQ,CBSH,2016,2017,3.9858179349999983
NASDAQ_PAYX_2021_2022,0.0248618715851183,11.03955617824819,11.6,33.24,15.8,14.9,0.1406342632909687,0.4238222301669823,47,19,657,483,12,0.999835968017578,0.0001639512920519,0.4802284836769104,0.5197715759277344,0.7041916251182556,0.2958084046840668,0.8914250731468201,0.1085749492049217,0.5151610970497131,0.4848388731479645,0.9997323155403136,0.0002676634467206,0.9997578859329224,0.0002421064273221,NASDAQ,PAYX,2021,2022,-6.292336859999999
NASDAQ_QCOM_2017_2018,0.0159999968000006,11.34121144876238,12.76,21.13,17.6,18.0,0.1497989374339982,0.4194151771908118,51,13,729,390,15,0.9947606325149536,0.0052392715588212,0.454355239868164,0.5456447005271912,0.5176600813865662,0.4823398888111114,0.8446177244186401,0.155382364988327,0.5169625282287598,0.4830374717712402,0.9398353695869446,0.0601646415889263,0.9893542528152466,0.0106456680223345,NASDAQ,QCOM,2017,2018,-1.9448914550000005
NASDAQ_AAON_2021_2022,0.0048076899963028,10.840580412039548,11.8,33.54,15.7,15.2,0.1188710864120698,0.401682270370795,17,22,499,270,10,0.99985533952713,0.0001446452952222,0.6047872304916382,0.3952127397060394,0.5722410082817078,0.427759051322937,0.9374330639839172,0.0625669285655021,0.6450881958007812,0.3549118638038635,0.9534302353858948,0.0465697795152664,0.9998140335083008,0.0001859916810644,NASDAQ,AAON,2021,2022,-6.331357935000003
NASDAQ_SCHN_2019_2020,0.007058822698962,11.973560344211863,12.96,19.4,18.3,18.8,0.134202865174376,0.4158902439856344,83,33,1429,909,31,0.9943104386329652,0.0056895762681961,0.5397019386291504,0.4602980315685272,0.4863525032997131,0.5136474967002869,0.8767644762992859,0.1232355609536171,0.628973126411438,0.3710269033908844,0.896894097328186,0.1031059771776199,0.9943222999572754,0.005677634384483,NASDAQ,SCHN,2019,2020,-0.008125339999995873
NASDAQ_AMZN_2019_2020,0.0209992743664537,12.414679042581952,11.13,22.34,17.5,17.3,0.1295828457945943,0.3598139426161721,170,69,2716,1182,92,0.958040177822113,0.0419598631560802,0.2788034975528717,0.7211964726448059,0.4471634030342102,0.5528365969657898,0.9173496961593628,0.082650177180767,0.5619775652885437,0.4380224645137787,0.9402366876602172,0.0597632490098476,0.9843306541442872,0.0156693756580352,NASDAQ,AMZN,2019,2020,-34.29446176
NASDAQ_KELYA_2016_2017,0.0103626925107612,11.3632182317292,12.6,21.13,17.5,17.6,0.1275826916567655,0.3615486170471929,53,27,1021,372,7,0.99485582113266,0.005144156049937,0.4430975317955017,0.5569024682044983,0.6955812573432922,0.3044187426567077,0.8201223015785217,0.1798777133226394,0.3425271511077881,0.6574729681015015,0.9705469012260436,0.0294531136751174,0.9947585463523864,0.0052414946258068,NASDAQ,KELYA,2016,2017,-13.691282780000002
NASDAQ_AMD_2013_2014,0.0170278611411979,12.47659584289116,9.45,19.47,16.0,17.4,0.0898355060278268,0.3845112131047633,91,45,2232,1280,35,0.99653559923172,0.0034643458202481,0.5624117851257324,0.4375881850719452,0.6515359878540039,0.3484640419483185,0.8746494650840759,0.1253505498170852,0.743483304977417,0.2565167248249054,0.9465383291244508,0.0534616596996784,0.9935738444328308,0.0064261420629918,NASDAQ,AMD,2013,2014,-8.039457045000002
NASDAQ_CVLT_2021_2022,0.0243572362168827,11.317506510498998,13.5,19.91,18.2,18.6,0.1338706520396661,0.3793610587678844,40,18,829,419,8,0.9998663663864136,0.0001336370332865,0.4021817743778229,0.5978182554244995,0.7517665028572083,0.2482335269451141,0.8387354016304016,0.1612646132707595,0.4465029239654541,0.5534970164299011,0.9736334681510924,0.026366539299488,0.9997919201850892,0.0002080319391097,NASDAQ,CVLT,2021,2022,-18.609601640000005
NASDAQ_MSFT_2018_2019,0.0092421424691049,11.1133131955373,13.81,17.88,18.4,19.3,0.1727127585353806,0.3772873627372339,112,25,794,202,7,0.999370574951172,0.0006294097402133,0.3413811922073364,0.6586188673973083,0.6292556524276733,0.3707443177700043,0.8940560817718506,0.1059439480304718,0.4323133528232574,0.5676866769790649,0.9574440121650696,0.042555958032608,0.9998037815093994,0.0001960956578841,NASDAQ,MSFT,2018,2019,-27.613324125000005
NASDAQ_DECK_2018_2019,0.0113085603701841,11.382463642106652,10.54,33.34,15.2,14.7,0.1287975217864923,0.3962689557174859,39,19,859,428,17,0.943430721759796,0.0565692037343978,0.502190351486206,0.4978096783161163,0.5056741833686829,0.4943257868289947,0.927379846572876,0.0726200342178344,0.5533015727996826,0.446698397397995,0.8647580742835999,0.1352419257164001,0.9903969168663024,0.0096030281856656,NASDAQ,DECK,2018,2019,-8.297793450000004
NASDAQ_CBSH_2018_2019,0.025362309651337,10.753189663252996,11.32,34.36,15.0,14.5,0.1748543738543737,0.4124886134886137,27,22,609,212,11,0.9879125952720642,0.0120873227715492,0.3586480617523193,0.6413518786430359,0.7845236659049988,0.2154763787984848,0.9250411987304688,0.0749588087201118,0.3316655457019806,0.6683344841003418,0.9999454021453856,5.468901144922711e-05,0.9995681643486024,0.0004318350984249,NASDAQ,CBSH,2018,2019,7.908875690000004
NASDAQ_ESLT_2017_2018,0.0124069448121725,11.224429728250106,12.34,22.24,17.2,17.1,0.1379031473576926,0.4124174411447143,34,14,764,326,9,0.9816789627075196,0.0183211117982864,0.4833996891975403,0.5166003108024597,0.5350445508956909,0.4649554193019867,0.914592146873474,0.085407868027687,0.6842763423919678,0.3157236576080322,0.93215674161911,0.0678433552384376,0.9941202998161316,0.0058797602541744,NASDAQ,ESLT,2017,2018,-10.160387929999992
NASDAQ_AAON_2018_2019,0.0,9.761693546918242,13.37,24.78,16.4,16.6,0.1564268593929611,0.3921419634978959,9,2,198,76,1,0.976293683052063,0.0237063951790332,0.4881758689880371,0.5118240714073181,0.5921033620834351,0.4078966081142425,0.968127429485321,0.0318725295364856,0.5463379621505737,0.4536620378494262,0.9847753047943116,0.0152247129008173,0.999725341796875,0.0002745535748545,NASDAQ,AAON,2018,2019,2.2573776850000016
NASDAQ_CZR_2019_2020,0.0241545854823533,11.365179232815963,12.96,29.28,16.9,17.3,0.1679887496909253,0.4167095347988364,61,25,783,528,23,0.9998562932014464,0.0001436949678463,0.3761045932769775,0.6238953471183777,0.6476093530654907,0.3523906469345093,0.907108187675476,0.0928917303681373,0.3942408561706543,0.6057591438293457,0.9693952202796936,0.0306048281490802,0.9948657155036926,0.0051342756487429,NASDAQ,CZR,2019,2020,17.248445845
NASDAQ_HSIC_2020_2021,0.0226277355746178,12.133066373973731,12.96,18.69,18.0,18.7,0.1121184997542137,0.3559808337165488,90,38,1817,943,52,0.9926832914352416,0.0073166759684681,0.3769777417182922,0.6230223178863525,0.6470932960510254,0.3529067635536194,0.8104307055473328,0.1895693093538284,0.4809003472328186,0.5190995931625366,0.9785674810409546,0.0214325096458196,0.997888207435608,0.0021117937285453,NASDAQ,HSIC,2020,2021,-18.483420425000002
NASDAQ_HSIC_2019_2020,0.0035906639505687,11.95625780658864,13.98,16.25,18.6,20.1,0.1050851500493183,0.3493208637946067,80,33,1427,817,33,0.9893224835395812,0.0106774754822254,0.4054511487483978,0.5945488810539246,0.6233376860618591,0.3766622841358185,0.8090835213661194,0.1909164041280746,0.5119223594665527,0.4880776405334472,0.9799562096595764,0.0200438313186168,0.994698166847229,0.005301842931658,NASDAQ,HSIC,2019,2020,-8.34203235
NASDAQ_HSIC_2018_2019,0.02340093238675,11.440193468804129,12.36,22.14,16.8,17.1,0.1256544657932262,0.3653998363133425,70,18,981,423,10,0.9874960780143738,0.0125038912519812,0.5314653515815735,0.4685346782207489,0.6776205897331238,0.3223794102668762,0.8174434900283813,0.182556465268135,0.4951219260692596,0.5048781037330627,0.967690885066986,0.0323090329766273,0.999756634235382,0.0002433226763969,NASDAQ,HSIC,2018,2019,-2.797639024999998
NASDAQ_VREX_2018_2019,0.0165745825829498,10.902187420651002,13.41,19.71,17.5,17.2,0.144981958353859,0.4062834406181516,58,11,763,275,21,0.9998538494110109,0.0001461193314753,0.4061879813671112,0.5938120484352112,0.3889380693435669,0.6110618710517883,0.8248716592788696,0.1751283854246139,0.5101168155670166,0.4898831844329834,0.9698678851127625,0.0301320850849151,0.9998252987861632,0.0001747501955833,NASDAQ,VREX,2018,2019,11.489009520000003
NASDAQ_UNFI_2011_2012,0.1190475481859832,10.41771737543568,11.47,42.11,14.5,12.8,0.1898217992053609,0.4483992567554214,23,6,450,165,16,0.999750554561615,0.000249512551818,0.4608010947704315,0.5391989350318909,0.5315372347831726,0.4684627056121826,0.9753311276435852,0.0246688108891248,0.5361654162406921,0.4638344645500183,0.9640182256698608,0.0359818302094936,0.9801836013793944,0.0198164358735084,NASDAQ,UNFI,2011,2012,-25.252841985
NASDAQ_BRKS_2018_2019,0.012072432178585,11.030298495562915,13.44,12.67,18.1,18.4,0.1341385134140235,0.3441358754624061,19,12,746,266,7,0.9860569834709167,0.0139430267736315,0.4082120954990387,0.5917879343032837,0.6446737051010132,0.3553262948989868,0.8134727478027344,0.186527281999588,0.4525022506713867,0.5474977493286133,0.9930031299591064,0.0069969212636351,0.9997661113739014,0.0002337982296012,NASDAQ,BRKS,2018,2019,-17.942267979999997
NASDAQ_LNDC_2018_2019,0.0216346101839879,10.650720375249316,13.56,28.88,16.9,16.8,0.1392969462510275,0.437758849993544,9,20,533,191,24,0.98295396566391,0.017046021297574,0.3621774017810821,0.6378225684165955,0.4255082905292511,0.5744916796684265,0.9427499175071716,0.057249940931797,0.650757908821106,0.3492421507835388,0.9009592533111572,0.0990407243371009,0.9847744703292848,0.0152255306020379,NASDAQ,LNDC,2018,2019,-5.384283849999999
NASDAQ_CONE_2019_2020,0.0112781944287411,11.860740273576642,11.22,22.24,16.7,15.7,0.1091589608362054,0.4043485597649686,92,39,1552,707,63,0.9888636469841005,0.0111363623291254,0.5759234428405762,0.4240765869617462,0.1730445921421051,0.8269553780555725,0.8737180829048157,0.1262819319963455,0.8280308842658997,0.1719690561294555,0.5720474720001221,0.4279525578022003,0.9129208326339722,0.0870791301131248,NASDAQ,CONE,2019,2020,-9.52283126
NASDAQ_DECK_2015_2016,0.0133333311111114,11.379656894947678,30.29,-23.95,26.5,39.1,0.1212758136893633,0.4225494090432259,36,34,861,515,29,0.9585915803909302,0.0414084568619728,0.534736692905426,0.4652632474899292,0.5420804023742676,0.4579196274280548,0.8216726183891296,0.1783274412155151,0.5405523180961609,0.4594476521015167,0.9607449173927308,0.0392550304532051,0.9843828678131104,0.0156170548871159,NASDAQ,DECK,2015,2016,-12.536442614999995
NASDAQ_AMD_2010_2011,0.0518934008564655,12.138382496560224,10.68,24.17,17.0,15.8,0.0954422989839273,0.3920896403332357,107,39,1723,1025,31,0.9997708797454834,0.0002290466945851,0.4717408418655395,0.5282591581344604,0.5952642560005188,0.4047357439994812,0.8677546977996826,0.1322452872991562,0.6665470004081726,0.333452969789505,0.9311525821685792,0.0688473656773567,0.9883661866188048,0.0116337770596146,NASDAQ,AMD,2010,2011,-11.710493015
NASDAQ_CZR_2021_2022,0.0109151963967089,12.253523818412656,13.88,15.85,18.3,19.8,0.1506755176882569,0.3999078267804377,113,39,1962,1018,33,0.9977848529815674,0.0022151002194732,0.4802347123622894,0.5197652578353882,0.6172670722007751,0.3827329277992248,0.8892569541931152,0.1107429862022399,0.5000938177108765,0.4999061822891235,0.9114860892295836,0.088513895869255,0.9918270707130432,0.0081729087978601,NASDAQ,CZR,2021,2022,-5.364734719999998
NASDAQ_QCOM_2008_2009,0.0140845037360319,11.850975028385792,11.3,16.32,16.6,17.3,0.1312126845018781,0.3894209906938947,46,37,1286,772,30,0.9942482113838196,0.0057517476379871,0.4083093702793121,0.5916906595230103,0.6580912470817566,0.3419087529182434,0.9147899746894836,0.0852099955081939,0.6153335571289062,0.3846664428710937,0.9468461871147156,0.0531537905335426,0.9935373067855836,0.0064626457169651,NASDAQ,QCOM,2008,2009,-7.177609980000002
NASDAQ_MSFT_2015_2016,0.0103092772877033,11.764726441533986,12.34,20.72,18.1,18.4,0.1254644659515436,0.3368192649703579,88,33,1403,484,21,0.998351514339447,0.0016484570223838,0.3555012345314026,0.6444987654685974,0.5593891143798828,0.4406108558177948,0.7881896495819092,0.211810365319252,0.5214472413063049,0.4785527884960174,0.9734060168266296,0.0265939682722091,0.9997759461402892,0.000224082628847,NASDAQ,MSFT,2015,2016,-29.61965861
NASDAQ_ISRG_2020_2021,0.0063897753370965,11.473259052507764,11.78,23.77,16.8,16.7,0.1339577559010106,0.3864655796856017,47,16,875,582,11,0.9909125566482544,0.0090874414891004,0.2629469931125641,0.7370529770851135,0.6230267882347107,0.3769731223583221,0.9161897897720336,0.0838102400302887,0.674494743347168,0.3255052268505096,0.9733046889305116,0.026695292443037,0.9951797723770142,0.0048201857134699,NASDAQ,ISRG,2020,2021,-13.783825454999999
NASDAQ_ADI_2014_2015,0.0076923065088759,11.895463068434688,11.79,23.16,17.2,16.6,0.1456985079969677,0.4072302241505142,53,33,1465,878,24,0.9845946431159972,0.0154052777215838,0.5190083384513855,0.4809916317462921,0.5611465573310852,0.4388534724712372,0.8598964810371399,0.1401036083698272,0.7399142384529114,0.2600857615470886,0.9104307889938354,0.0895691812038421,0.9878543615341188,0.0121456356719136,NASDAQ,ADI,2014,2015,-32.241471875
NASDAQ_SCHN_2017_2018,0.0258823468512125,11.248308665449445,12.54,22.14,17.3,17.3,0.1486438439011966,0.4109705880127003,23,21,680,384,7,0.9745473265647888,0.0254526305943727,0.5407379269599915,0.4592621028423309,0.42786705493927,0.57213294506073,0.8278031349182129,0.1721969097852707,0.551308274269104,0.448691725730896,0.9049685001373292,0.0950314849615097,0.988702952861786,0.0112970070913434,NASDAQ,SCHN,2017,2018,4.348323395000001
NASDAQ_CZR_2018_2019,0.0137566123008875,11.954150175286358,14.71,22.68,18.6,20.2,0.2144526144767857,0.4742486644213154,101,34,1508,663,37,0.997047245502472,0.0029527496080845,0.5052152872085571,0.4947847425937652,0.5710183382034302,0.4289816617965698,0.8814553022384644,0.118544727563858,0.3665920197963714,0.6334079504013062,0.9719431400299072,0.0280567780137062,0.9997753500938416,0.0002246699150418,NASDAQ,CZR,2018,2019,19.05592167
NASDAQ_INTC_2017_2018,0.0040683479195811,12.212447284278374,10.52,24.78,16.4,15.8,0.1164117698903217,0.3687677202154404,137,49,1783,1130,50,0.993946373462677,0.0060536125674843,0.3484301269054413,0.6515698432922363,0.5600772500038147,0.4399227499961853,0.8975485563278198,0.1024513766169548,0.5892813801765442,0.4107186496257782,0.8632937669754028,0.1367062777280807,0.9802653193473816,0.0197346545755863,NASDAQ,INTC,2017,2018,-13.061092969999997
NASDAQ_ADSK_2010_2011,0.0,11.37490400707284,11.82,15.31,17.3,17.1,0.1166780362613694,0.3891837008503681,52,29,874,369,15,0.9973548054695128,0.0026451733428984,0.5932155847549438,0.4067844152450561,0.4667492210865021,0.5332507491111755,0.9139970541000366,0.0860029458999633,0.8160706758499146,0.1839292645454406,0.9774705767631532,0.0225294772535562,0.9996430277824402,0.0003569334803614,NASDAQ,ADSK,2010,2011,-14.327411855000001
NASDAQ_AMD_2019_2020,0.0235293840830775,9.468078568054892,16.87,16.05,19.0,18.9,0.2267732187297405,0.4290803479933914,20,12,131,62,3,0.9721028804779052,0.0278970804065465,0.5768627524375916,0.4231371879577636,0.7638894319534302,0.236110582947731,0.9712764024734496,0.0287235882133245,0.7152211666107178,0.2847788035869598,0.9999421238899232,5.7779703638516366e-05,0.99985533952713,0.0001446383248548,NASDAQ,AMD,2019,2020,1.1119135500000046
NASDAQ_SPWR_2015_2016,0.0188679067283898,10.211633798120262,12.07,33.44,15.4,15.0,0.1355345809186955,0.3972574281428449,39,15,280,157,3,0.99970942735672,0.0002905486908275,0.3585402965545654,0.6414597034454346,0.1404073238372802,0.8595926761627197,0.9748818874359132,0.0251180846244096,0.9128888845443726,0.0871111005544662,0.8811097145080566,0.1188902407884597,0.9386184811592102,0.0613814890384674,NASDAQ,SPWR,2015,2016,0.0
NASDAQ_ESLT_2019_2020,0.0084175070004196,11.671056782962966,11.55,23.36,17.1,16.5,0.0985653718454995,0.3781921018593004,48,26,1026,575,7,0.9868107438087464,0.0131891686469316,0.4341166615486145,0.5658833384513855,0.6242630481719971,0.3757368624210357,0.796011745929718,0.2039882689714431,0.5729951858520508,0.4270047843456268,0.9469237327575684,0.0530762672424316,0.9997243285179138,0.0002756114408839,NASDAQ,ESLT,2019,2020,-1.4455877850000007
NASDAQ_OTEX_2020_2021,0.0038022808869099,11.65560488649174,13.86,18.18,18.7,19.2,0.1318785319128527,0.3763179244086035,55,28,1289,557,24,0.9769634008407592,0.023036602884531,0.3960717022418976,0.6039283275604248,0.6766357421875,0.3233642876148224,0.8195408582687378,0.1804591119289398,0.4501914083957672,0.5498086810112,0.98904949426651,0.0109505131840705,0.9997867345809937,0.0002132975205313,NASDAQ,OTEX,2020,2021,-18.906240215000004
NASDAQ_PTC_2020_2021,0.0097087362930847,11.371407982535963,12.75,30.4,16.9,16.6,0.1476779079379578,0.3972300719938919,45,23,1007,461,21,0.9947267770767212,0.0052732205949723,0.3269491791725158,0.6730508804321289,0.7167956233024597,0.2832043766975403,0.9168130159378052,0.0831870064139366,0.5148882865905762,0.4851117134094238,0.9436262249946594,0.0563738346099853,0.9996294975280762,0.0003705064009409,NASDAQ,PTC,2020,2021,-2.2516852000000043
NASDAQ_ICFI_2011_2012,0.0211480298646435,10.773818112033904,11.04,36.39,14.9,13.5,0.1578332998040397,0.3666830788259363,30,18,553,262,18,0.963930070400238,0.0360698662698268,0.3994357883930206,0.6005642414093018,0.4755175411701202,0.5244824290275574,0.8561108708381653,0.1438891440629959,0.5470604300498962,0.4529395699501037,0.9452949166297911,0.0547050423920154,0.9762417674064636,0.0237581599503755,NASDAQ,ICFI,2011,2012,0.0
NASDAQ_ADSK_2014_2015,0.0,11.679227728625255,11.95,22.34,17.5,17.3,0.1189953019643126,0.3643549712205816,104,39,1118,502,20,0.9994535446166992,0.0005464882706291,0.5910989046096802,0.4089010953903198,0.5325988531112671,0.4674011468887329,0.9130476713180542,0.0869522914290428,0.7944839596748352,0.2055160254240036,0.9576724767684937,0.0423274748027324,0.9976707696914672,0.0023291818797588,NASDAQ,ADSK,2014,2015,-19.9707725
NASDAQ_DOO_2016_2017,0.0084507018448727,11.401323288388928,11.73,32.12,16.2,15.2,0.1203288575615002,0.3601293608096515,52,11,670,654,18,0.9705718159675598,0.0294281970709562,0.3945940136909485,0.6054059863090515,0.6049944758415222,0.3950055241584778,0.9080703258514404,0.0919296294450759,0.6541358828544617,0.3458640277385711,0.9666115045547484,0.0333884395658969,0.9998106956481934,0.0001892913278425,NASDAQ,DOO,2016,2017,
NASDAQ_QCOM_2013_2014,0.0168598506996996,11.675860307963992,11.97,22.24,16.8,16.5,0.1512261428691068,0.4243304632825599,83,27,1106,686,29,0.9923532605171204,0.0076467124745249,0.2224179804325103,0.7775819897651672,0.5510258674621582,0.4489741325378418,0.8639810085296631,0.1360190212726593,0.5242043733596802,0.4757956564426422,0.9177505373954772,0.0822494477033615,0.9996331930160522,0.000366754742572,NASDAQ,QCOM,2013,2014,-15.353061624999999
NASDAQ_ROST_2020_2021,0.0109622398340755,11.49369167585493,11.61,22.95,17.3,17.1,0.1235016681465202,0.3395393311574479,93,17,1173,494,14,0.989109456539154,0.0108905024826526,0.3706163763999939,0.6293836236000061,0.4828653931617737,0.5171346068382263,0.8840146660804749,0.1159854009747505,0.3960508108139038,0.6039491891860962,0.9783002138137816,0.021699795499444,0.9997490644454956,0.0002509059559088,NASDAQ,ROST,2020,2021,-3.0510425849999976
NASDAQ_QCOM_2010_2011,0.0038872688156201,11.90053884154695,11.39,23.87,16.9,16.9,0.1188409641876212,0.3807970460600162,73,40,1420,830,16,0.9915465712547302,0.0084534734487533,0.4517025351524353,0.5482974648475647,0.6474233865737915,0.3525766134262085,0.8702688217163086,0.1297311335802078,0.5944622159004211,0.4055378139019012,0.957491397857666,0.042508564889431,0.9941871166229248,0.005812837742269,NASDAQ,QCOM,2010,2011,-7.835294245
NASDAQ_MXIM_2019_2020,0.0015923564343381,11.50784256891309,12.17,22.45,17.5,17.3,0.1088509027199233,0.3502750067822272,41,12,952,601,16,0.9927414655685424,0.007258481811732,0.5406336784362793,0.4593662917613983,0.6381329894065857,0.3618670105934143,0.8247843384742737,0.1752157211303711,0.497627317905426,0.502372682094574,0.9049462080001832,0.0950537845492363,0.9996776580810548,0.0003222788509447,NASDAQ,MXIM,2019,2020,-20.313752860000005
NASDAQ_CTAS_2020_2021,0.0070652170073251,12.318936937308909,10.77,23.66,16.7,16.4,0.1165140082607545,0.3855891048291531,142,58,2268,1245,51,0.9951086044311525,0.0048913024365901,0.5354090929031372,0.4645909368991852,0.5376520752906799,0.4623479545116424,0.8269749879837036,0.1730249971151352,0.5089151263237,0.4910848438739776,0.8588013648986816,0.1411985605955124,0.99977308511734,0.0002268996031489,NASDAQ,CTAS,2020,2021,-12.629218390000005
NASDAQ_KLIC_2017_2018,0.01724134958388,11.261832440749064,12.77,21.13,17.7,17.9,0.0955015398471773,0.3582128274410153,25,12,573,487,25,0.9945626258850098,0.0054373852908611,0.5928444862365723,0.4071555137634277,0.63845294713974,0.36154705286026,0.8815580010414124,0.1184420064091682,0.6889323592185974,0.3110676109790802,0.994360327720642,0.0056397379375994,0.999834418296814,0.0001655855012359,NASDAQ,KLIC,2017,2018,0.0
NASDAQ_XLNX_2016_2017,0.0387596598762326,10.105162289234684,16.18,16.46,19.1,20.3,0.0846112685313053,0.3324135341782399,7,4,221,99,3,0.999846875667572,0.0001530402223579,0.531358540058136,0.4686414897441864,0.5417484641075134,0.4582515358924866,0.91546368598938,0.0845362916588783,0.6165655851364136,0.383434385061264,0.8965476751327515,0.1034523025155067,0.9998143911361694,0.0001855621667345,NASDAQ,XLNX,2016,2017,-8.159734320000005
NASDAQ_HWKN_2020_2021,0.0030120472855279,10.570213752738272,12.19,33.24,16.2,15.3,0.1887940123546863,0.4731973302602514,16,9,452,214,9,0.9995630383491516,0.000436961883679,0.5854790806770325,0.4145208895206451,0.506209671497345,0.4937902688980102,0.9355262517929076,0.0644738152623176,0.5345550179481506,0.465444952249527,0.741588294506073,0.2584117352962494,0.9979490637779236,0.0020508917514234,NASDAQ,HWKN,2020,2021,-8.831836845000002
NASDAQ_DNKN_2017_2018,0.013918628060104,11.538651689541108,11.65,30.91,16.3,15.9,0.1428602844523897,0.3864959387590967,69,17,1046,651,46,0.8976426124572754,0.102357380092144,0.302661657333374,0.697338342666626,0.5458337068557739,0.4541663527488708,0.8882918953895569,0.1117080375552177,0.5849379301071167,0.4150620400905609,0.9495185613632202,0.0504814013838768,0.9876044988632202,0.0123954843729734,NASDAQ,DNKN,2017,2018,-25.743231400000003
NASDAQ_JBLU_2010_2011,0.0083832325289541,11.599552601482271,11.27,32.33,15.5,15.3,0.1565427241077794,0.3832343940652489,90,53,997,627,22,0.976673662662506,0.0233263839036226,0.4444662928581238,0.5555337071418762,0.5767916440963745,0.4232083261013031,0.930516481399536,0.0694835186004638,0.7119560837745667,0.2880439460277557,0.9889047145843506,0.0110952276736497,0.9805670380592346,0.01943289488554,NASDAQ,JBLU,2010,2011,0.0
NASDAQ_ALKS_2018_2019,0.0121951194725366,11.152902064058596,14.69,8.81,19.5,20.0,0.1169939690915945,0.3619285650585119,18,7,697,305,3,0.9998565912246704,0.0001433648722013,0.4618284106254577,0.5381715297698975,0.72247713804245,0.27752286195755,0.7634531855583191,0.2365467697381973,0.534143328666687,0.4658567309379577,0.9430204033851624,0.0569795966148376,0.9997395277023317,0.0002604633045848,NASDAQ,ALKS,2018,2019,-9.542979230000004
NASDAQ_Z_2019_2020,0.018229161919489,10.971142227748963,12.85,29.79,16.3,16.2,0.1729533351448936,0.4044968871916929,41,7,605,263,26,0.9998605847358704,0.0001394250866724,0.3395630121231079,0.6604369878768921,0.8329483270645142,0.1670517474412918,0.9317878484725952,0.0682121217250824,0.4899569749832153,0.5100430846214294,0.9567890763282776,0.0432109087705612,0.9998338222503662,0.0001661451387917,NASDAQ,Z,2019,2020,
NASDAQ_CZR_2017_2018,0.0256983211510255,11.846471997318094,13.26,26.95,16.8,17.5,0.1587397312087154,0.4134866412679451,110,37,1349,786,30,0.9971191883087158,0.0028808349743485,0.5913199186325073,0.4086800217628479,0.7642973065376282,0.235702708363533,0.9497936367988586,0.050206359475851,0.6163323521614075,0.3836677074432373,0.964490532875061,0.0355094447731971,0.9953715205192566,0.0046284995041787,NASDAQ,CZR,2017,2018,2.224001510000001
NASDAQ_FLEX_2012_2013,0.018952060317496,12.484022513337536,10.66,15.61,17.2,17.2,0.1037556275564543,0.3555942742073008,92,46,2065,1539,73,0.9911110401153564,0.0088888686150312,0.5251913666725159,0.4748085439205169,0.5324307680130005,0.4675692617893219,0.8659449219703674,0.1340551078319549,0.6096131801605225,0.3903868198394775,0.956395149230957,0.0436048172414302,0.999844491481781,0.0001554825284983,NASDAQ,FLEX,2012,2013,-16.785159280000002
NASDAQ_QCOM_2020_2021,0.0100334439771367,12.291860357480356,12.13,11.96,18.2,18.9,0.1199271716593144,0.3864380630094924,100,62,1903,1144,24,0.9978473782539368,0.0021526091732084,0.464877724647522,0.5351222157478333,0.5528682470321655,0.4471317529678345,0.8450007438659668,0.1549992561340332,0.5903643369674683,0.4096356332302093,0.9585091471672058,0.0414908602833747,0.9998050332069396,0.0001948352437466,NASDAQ,QCOM,2020,2021,-0.3567656100000036
NASDAQ_DECK_2016_2017,0.0146137756547441,10.934356189117718,10.4,34.97,14.8,13.9,0.1158010841401874,0.4159565062407632,24,15,568,343,16,0.9672315716743468,0.0327684246003627,0.3416427373886108,0.6583572626113892,0.4644059240818023,0.5355940461158752,0.903112769126892,0.0968872979283332,0.5667433142662048,0.4332566559314728,0.908196985721588,0.0918029695749282,0.9969930648803712,0.0030068845953792,NASDAQ,DECK,2016,2017,-12.043321124999999
NASDAQ_CZR_2016_2017,0.0216010137736958,11.635886184369037,11.95,38.86,15.8,15.4,0.1647749476657923,0.4168831753145136,91,21,1193,559,22,0.9972334504127502,0.0027665174566209,0.6771100759506226,0.3228898346424103,0.7785838842391968,0.2214160561561584,0.9492768049240112,0.0507232099771499,0.6262487769126892,0.3737512528896332,0.9640058279037476,0.0359942018985748,0.9995983242988586,0.0004016787861473,NASDAQ,CZR,2016,2017,3.128004520000001
NASDAQ_CZR_2014_2015,0.0069930063817302,12.086647011547514,11.57,30.2,16.5,16.4,0.1606334061640667,0.421485096521545,128,51,1804,885,28,0.9942675828933716,0.0057324930094182,0.6296796798706055,0.3703202903270721,0.700782060623169,0.299217939376831,0.9305645227432252,0.0694354474544525,0.5904362201690674,0.4095636904239654,0.9561384320259094,0.0438615269958972,0.999700129032135,0.0002998052805196,NASDAQ,CZR,2014,2015,-6.928406170000001
NASDAQ_ISRG_2019_2020,0.0155763215613206,11.510141593593612,13.58,19.71,18.3,19.1,0.13673005225318,0.3574392497492722,58,27,915,677,10,0.9955323338508606,0.0044676335528492,0.2367782592773437,0.7632217407226562,0.7277371883392334,0.2722628712654114,0.9275082349777222,0.0724918246269226,0.6136775612831116,0.3863224387168884,0.9913100004196168,0.0086899511516094,0.9998019933700562,0.000198029592866,NASDAQ,ISRG,2019,2020,-11.086311284999997
NASDAQ_KLIC_2019_2020,0.0127970726147947,11.638412085011645,15.69,13.41,19.7,21.5,0.1417813961162394,0.3923216610407722,52,27,1041,574,25,0.996091902256012,0.0039080786518752,0.4602073132991791,0.5397926568984985,0.6454846858978271,0.3545152842998504,0.8874619603157043,0.1125379651784896,0.6703132390975952,0.3296867311000824,0.9622775316238404,0.0377225168049335,0.9998241662979126,0.0001758260914357,NASDAQ,KLIC,2019,2020,2.337793749999996
NASDAQ_VREX_2019_2020,0.0014880950166525,11.235510504874226,12.45,21.84,17.4,17.1,0.1512234701083621,0.3977552030969307,45,7,956,480,8,0.9998601078987122,0.0001399075699737,0.3745981752872467,0.6254017949104309,0.4571696519851684,0.5428303480148315,0.798149824142456,0.2018502205610275,0.5228891372680664,0.477110892534256,0.9773896932601928,0.022610368207097,0.9998223781585692,0.0001776292046997,NASDAQ,VREX,2019,2020,4.789328220000005
NASDAQ_ALKS_2019_2020,0.0101449260659527,11.493039034162631,14.39,17.07,19.3,20.0,0.1129150560570706,0.3580084736799802,38,11,963,491,9,0.9998599886894226,0.0001399781758664,0.3735316395759582,0.6264683604240417,0.7738150358200073,0.2261850535869598,0.7876500487327576,0.2123499363660812,0.527734100818634,0.4722659587860107,0.9555110335350036,0.0444889925420284,0.9994929432868958,0.0005071457708254,NASDAQ,ALKS,2019,2020,-9.888245935
NASDAQ_KLIC_2018_2019,0.0151515036731032,11.522984700784123,13.41,19.6,18.3,18.9,0.1155539892302314,0.3794906120449605,39,16,761,586,45,0.9869400262832642,0.0130598619580268,0.6079311966896057,0.3920688331127167,0.6347269415855408,0.3652730882167816,0.8821296691894531,0.1178703978657722,0.7109048962593079,0.2890950441360473,0.9613356590270996,0.0386643223464489,0.9998429417610168,0.0001569838495925,NASDAQ,KLIC,2018,2019,0.0
NASDAQ_PAYX_2020_2021,0.0192719444813823,11.612300100943257,12.16,22.65,17.3,16.9,0.1127322413382883,0.4019361270323628,54,21,1154,757,13,0.9886834621429444,0.011316580697894,0.4524343013763428,0.5475656986236572,0.6845434904098511,0.3154565095901489,0.9400312900543212,0.0599686838686466,0.4927124679088592,0.5072875618934631,0.9920663833618164,0.007933534681797,0.9996912479400636,0.0003086809883825,NASDAQ,PAYX,2020,2021,-5.2008235050000025
NASDAQ_VRTX_2020_2021,0.0042735033603625,11.223561979735909,14.38,17.98,18.2,19.1,0.1170001593057147,0.3922086281345547,24,18,723,384,15,0.9934545755386353,0.0065453676506876,0.346664160490036,0.6533358097076416,0.7618445754051208,0.2381554543972015,0.9252390265464784,0.0747609809041023,0.4829474985599518,0.5170524716377258,0.9774764776229858,0.0225235149264335,0.9997450709342957,0.000254986109212,NASDAQ,VRTX,2020,2021,-3.494045605
NASDAQ_CVLT_2020_2021,0.0078864340873132,11.0910717950065,16.07,5.36,20.1,21.6,0.1393207747113996,0.358649470465877,30,17,603,354,10,0.999850332736969,0.0001496441691415,0.3298642039299011,0.6701357960700989,0.6181655526161194,0.3818344175815582,0.8033809065818787,0.1966190785169601,0.3358886539936065,0.664111316204071,0.993317484855652,0.0066826003603637,0.9997780919075012,0.0002218820882262,NASDAQ,CVLT,2020,2021,-15.768175635000002
NASDAQ_AMD_2021_2022,0.0026338891454004,12.498130131882602,11.04,22.45,17.3,16.9,0.1036459196130479,0.3911848198622278,167,80,2503,1471,31,0.978108048439026,0.0218919422477483,0.462099939584732,0.5379000902175903,0.5236768126487732,0.4763232171535492,0.864112377166748,0.1358875483274459,0.6290988922119141,0.3709010779857635,0.9464173913002014,0.0535826720297336,0.9951446652412416,0.0048553342930972,NASDAQ,AMD,2021,2022,2.6461742449999974
NASDAQ_ADI_2012_2013,0.0073421428278791,11.880723319348634,11.41,23.97,17.1,16.2,0.139801547115092,0.3939978935965557,49,36,1436,826,30,0.9856625199317932,0.014337527565658,0.5332828760147095,0.4667170941829681,0.4714678823947906,0.528532087802887,0.8934510946273804,0.1065488830208778,0.7302927374839783,0.2697072625160217,0.913183569908142,0.086816482245922,0.9841782450675964,0.0158218294382095,NASDAQ,ADI,2012,2013,-29.847707234999998
NASDAQ_BRKS_2020_2021,0.0187499882812573,9.82720028436401,14.91,20.52,17.6,17.1,0.0899663195999403,0.3310088438859989,10,0,206,99,3,0.9998449087142944,0.0001550428423797,0.360860526561737,0.6391394734382629,0.5207252502441406,0.479274719953537,0.8421922326087952,0.1578077524900436,0.3540283441543579,0.6459716558456421,0.977219581604004,0.0227803960442543,0.9771527647972108,0.0228472705930471,NASDAQ,BRKS,2020,2021,-24.402784415
NASDAQ_INTC_2019_2020,0.0032912779324586,12.562315996345992,10.64,23.46,16.7,16.4,0.1049961415726343,0.365515301361849,198,56,2483,1758,93,0.9931613206863404,0.0068386746570467,0.3144589960575104,0.685541033744812,0.5474408864974976,0.45255908370018,0.8848276138305664,0.1151724606752395,0.5530382990837097,0.4469617009162903,0.8846418261528015,0.1153581365942955,0.99941748380661,0.0005825332482345,NASDAQ,INTC,2019,2020,-13.037924785000001
NASDAQ_INTC_2018_2019,0.0044609662110805,12.270553352496538,10.61,24.37,16.5,16.0,0.1115314670109189,0.3640574106950195,141,55,1857,1293,41,0.990115225315094,0.0098847448825836,0.3285041153430938,0.6714958548545837,0.5468736886978149,0.4531263411045074,0.8824407458305359,0.1175592616200447,0.5542988181114197,0.4457011222839355,0.8630123138427734,0.1369877159595489,0.993624210357666,0.0063757356256246,NASDAQ,INTC,2018,2019,-13.634349239999999
NASDAQ_AMD_2011_2012,0.0162241863976126,12.559598636717212,9.62,18.45,16.3,16.9,0.0868589152196471,0.3794863796136526,132,53,2331,1624,36,0.992088258266449,0.0079117715358734,0.4631271660327911,0.5368728637695312,0.6052029728889465,0.3947969973087311,0.8900773525238037,0.1099226847290992,0.7051793932914734,0.2948205769062042,0.934400200843811,0.0655998215079307,0.987442135810852,0.0125578213483095,NASDAQ,AMD,2011,2012,-8.627927675000006
NASDAQ_RBBN_2021_2022,0.0083234235049436,11.968532204556722,13.03,18.69,18.5,18.7,0.1049835879495729,0.3995191797220485,104,31,1434,735,29,0.991945743560791,0.0080542005598545,0.4735586643218994,0.5264413356781006,0.5244281888008118,0.4755717813968658,0.8493139147758484,0.1506861448287964,0.6152849793434143,0.3847150504589081,0.9830915331840516,0.0169083755463361,0.9998395442962646,0.0001604651042725,NASDAQ,RBBN,2021,2022,-10.326787425000006
NYSE_BWA_2018_2019,0.0114942484696366,11.01214917705724,14.49,18.28,19.0,19.3,0.1375036971916971,0.3519128440448442,27,18,597,263,7,0.9996970891952516,0.0003029234649147,0.7830125689506531,0.2169874757528305,0.5849024653434753,0.4150975346565246,0.8672630786895752,0.1327369064092636,0.7122041583061218,0.2877959012985229,0.9569936990737916,0.0430062972009182,0.995507538318634,0.0044924351386725,NYSE,BWA,2018,2019,1.7088768300000012
NYSE_LND_20140701_20150630,0.030302938475944,11.401435088936866,12.41,30.09,17.2,17.0,0.0733499413445779,0.3552454524683369,17,11,610,444,5,0.9600887894630432,0.0399112328886985,0.8492648005485535,0.1507351994514465,0.6206778287887573,0.379322201013565,0.9150855541229248,0.0849143862724304,0.8509103059768677,0.1490897238254547,0.971426010131836,0.0285740364342927,0.9480602741241456,0.0519396811723709,NYSE,LND,2014,2015,
NYSE_LND_20200701_20210630,0.0066445160649448,11.35057122779228,12.91,29.08,16.9,16.4,0.0955459611310673,0.3536315623649395,30,17,602,524,5,0.9474778175354004,0.0525220856070518,0.6972531676292419,0.3027468025684356,0.4949629604816437,0.5050370097160339,0.8722971081733704,0.1277028769254684,0.6800110340118408,0.3199889361858368,0.9036892056465148,0.0963107198476791,0.9471893310546876,0.0528106428682804,NYSE,LND,2020,2021,
NYSE_KMX_20210301_20220228,0.0109356001293316,11.45642918481256,14.06,9.11,19.3,19.9,0.1667716180363815,0.4218243455472786,28,31,1034,468,12,0.9998658299446106,0.0001342141040368,0.4292172789573669,0.5707827806472778,0.6373847723007202,0.3626151978969574,0.7318956851959229,0.26810422539711,0.4241037666797638,0.5758962035179138,0.9861218929290771,0.0138781685382127,0.9994022846221924,0.0005977221298962,NYSE,KMX,2021,2022,-15.963478294999998
NYSE_CWT_2015_2016,0.0,10.900805123052656,13.01,30.4,16.1,16.4,0.1257175919949278,0.3931133269204844,38,11,390,429,16,0.984115719795227,0.0158842839300632,0.2721077799797058,0.7278922200202942,0.3412253558635711,0.6587746143341064,0.9795525074005128,0.0204474795609712,0.8360142707824707,0.1639856696128845,0.4468097388744354,0.553190290927887,0.9696635603904724,0.0303364116698503,NYSE,CWT,2015,2016,-8.277578124999998
NYSE_LND_20150701_20160630,0.052631486611427,11.47156165702892,11.94,31.31,16.8,16.7,0.069907467485855,0.3536036136316091,19,14,650,495,9,0.9530214071273804,0.0469785407185554,0.8241831660270691,0.1758168488740921,0.529604434967041,0.470395565032959,0.9295148849487304,0.0704850703477859,0.8458654880523682,0.1541344672441482,0.9657387733459472,0.0342611595988273,0.9344461560249328,0.0655538365244865,NYSE,LND,2015,2016,
NYSE_BF_2009_2010,0.0378874812987966,11.782181312449406,12.01,22.34,17.0,16.7,0.1101975918457396,0.3668459359570472,55,48,1529,708,29,0.9599188566207886,0.0400811545550823,0.5449838042259216,0.455016165971756,0.6697354316711426,0.3302645981311798,0.8870518207550049,0.1129482686519622,0.5383917689323425,0.4616082310676574,0.9100854992866516,0.0899144560098648,0.9851918816566468,0.0148081826046109,NYSE,BF,2009,2010,
NYSE_T_20200101_20210501,0.001779359113993,11.377975924391937,11.85,31.82,16.6,15.3,0.1251883496620337,0.3548463645058072,85,16,820,471,25,0.9913980960845948,0.0086018871515989,0.2913135290145874,0.7086864113807678,0.5478934645652771,0.4521065950393677,0.8442575931549072,0.1557424366474151,0.5570847392082214,0.4429152309894562,0.9642361402511596,0.0357639342546463,0.999735951423645,0.0002640321908984,NYSE,T,2020,2021,-4.721061734999999
NYSE_BF_2017_2018,0.0141509411712356,11.135201975043724,12.32,31.72,16.3,15.8,0.1637659218650953,0.4222428434087234,50,21,884,342,14,0.939286470413208,0.0607135407626628,0.3376058340072632,0.6623941659927368,0.6935648322105408,0.3064351975917816,0.9455940127372742,0.0544059984385967,0.4424773156642914,0.5575226545333862,0.8850709795951843,0.1149289235472679,0.9877254366874696,0.0122745977714657,NYSE,BF,2017,2018,
NYSE_CWT_2013_2014,0.0078740136813612,10.874474781329312,13.04,30.4,16.1,15.6,0.1229230863187555,0.415471084580337,38,20,541,376,30,0.9830307364463806,0.0169693436473608,0.240902379155159,0.7590976357460022,0.4276037514209747,0.5723962187767029,0.9577253460884094,0.0422746464610099,0.7659745812416077,0.2340254187583923,0.4797518849372864,0.5202481150627136,0.9526962637901306,0.0473037287592887,NYSE,CWT,2013,2014,0.0
NYSE_COF_2019_2020,0.0255802924879065,12.960970872076103,11.08,30.2,16.6,16.0,0.1589395835701289,0.3992620293264757,276,88,4685,2472,86,0.9908400177955629,0.0091599710285663,0.3396004140377044,0.6603995561599731,0.8870493769645691,0.1129505932331085,0.9709226489067078,0.0290773883461952,0.4708155393600464,0.5291844606399536,0.9889473915100098,0.0110525842756032,0.9973788857460022,0.0026210425421595,NYSE,COF,2019,2020,-24.450544509999997
NYSE_AAR_2020_2021,0.0012936608934461,11.694763571587645,13.23,18.99,18.5,18.6,0.1273902706291768,0.3698064180492865,24,31,1129,472,15,0.9998383522033693,0.0001615787477931,0.578029453754425,0.4219705462455749,0.5930805206298828,0.4069194495677948,0.7413570880889893,0.2586428821086883,0.4810018241405487,0.5189982056617737,0.9854117035865784,0.0145881716161966,0.9997385144233704,0.0002614950935821,NYSE,AAR,2020,2021,
NYSE_LND_20190701_20200630,0.0091743035098132,11.808062182382807,11.93,21.84,17.3,17.1,0.1080202073622004,0.3669164880642735,44,23,1123,855,22,0.9528712034225464,0.0471286661922931,0.6798719763755798,0.3201280832290649,0.4846239686012268,0.5153760313987732,0.9091578125953674,0.0908421874046325,0.7725977301597595,0.2274022400379181,0.9211761951446532,0.0788237676024437,0.9433541893959044,0.0566458217799663,NYSE,LND,2019,2020,
NYSE_VAR_2018_2019,0.0,10.788411448660783,13.12,22.45,17.2,16.9,0.1464044233745321,0.3898860373724505,29,18,484,260,4,0.9998618364334106,0.0001381595648126,0.3863736987113952,0.6136263012886047,0.5303211808204651,0.4696787893772125,0.8731715083122253,0.1268285065889358,0.548190712928772,0.4518093466758728,0.9468549489974976,0.0531450398266315,0.999819278717041,0.0001807672088034,NYSE,VAR,2018,2019,-3.564868805000007
NYSE_LND_20130701_20140630,0.0249999375001562,11.39236106490346,13.1,28.06,17.9,17.7,0.0704071793552586,0.3448547710792611,20,13,619,499,5,0.945825457572937,0.0541744865477085,0.7954632639884949,0.2045366913080215,0.5251193642616272,0.4748806357383728,0.8977335095405579,0.1022665426135063,0.813016951084137,0.1869830638170242,0.97201007604599,0.0279899686574935,0.9347847104072572,0.0652152448892593,NYSE,LND,2013,2014,
NYSE_DOX_2018_2019,0.0298507422183524,11.6305751584036,11.77,31.51,16.7,15.9,0.1033188101894588,0.3849312271764804,33,15,1314,572,22,0.9764228463172911,0.0235771443694829,0.3207835555076599,0.6792164444923401,0.6365207433700562,0.3634791374206543,0.8739943504333496,0.1260056644678115,0.5417112112045288,0.4582887589931488,0.957972526550293,0.0420274622738361,0.9959949851036072,0.004005033057183,NYSE,DOX,2018,2019,-15.487417964999999
NYSE_AZRE_20200801_20210331,0.0074165627420812,11.92688770333234,12.33,29.38,17.1,16.6,0.1002805597274982,0.3634636894096087,27,23,1454,965,26,0.9920011162757874,0.0079988911747932,0.6160478591918945,0.3839522004127502,0.4634508192539215,0.5365492105484009,0.8430505990982056,0.1569494009017944,0.6931849122047424,0.3068151175975799,0.8745018243789673,0.1254981905221939,0.9887974858283995,0.0112024722620844,NYSE,AZRE,2020,2021,13.208779735
NYSE_KO_2014_2015,0.0377357778570229,9.114159813502214,18.83,5.97,20.0,22.1,0.0916388568328223,0.3776698158163676,10,2,72,43,2,0.9997913241386414,0.0002086499298457,0.5617109537124634,0.4382890164852142,0.4674153327941894,0.5325847268104553,0.9242483377456664,0.0757517367601394,0.7036883234977722,0.2963116765022278,0.7000609040260315,0.2999390959739685,0.9998645782470704,0.0001354015839751,NYSE,KO,2014,2015,-19.68072791
NYSE_KO_2012_2013,0.0192307322485918,8.794521851788527,13.82,26.0,15.8,15.2,0.1549981522542498,0.3947520974959999,13,2,68,33,1,0.9998151063919068,0.0001848629617597,0.3152974843978882,0.6847025156021118,0.3489903211593628,0.6510096788406372,0.9331650733947754,0.066834956407547,0.4059233367443084,0.5940766930580139,0.7499438524246216,0.250056117773056,0.9998630285263062,0.0001368943048873,NYSE,KO,2012,2013,-22.629175345000004
NYSE_JBL_2019_2021,0.0190114032297712,11.861418024317402,13.53,17.98,18.5,18.9,0.0905739018493365,0.3161354423705516,76,32,1272,870,31,0.9939188957214355,0.0060811550356447,0.6327193379402161,0.3672806024551391,0.6417579650878906,0.3582420647144317,0.8612058758735657,0.1387941390275955,0.5216099619865417,0.4783899784088135,0.9033703207969666,0.096629723906517,0.9997777342796326,0.0002223479677923,NYSE,JBL,2019,2021,-12.432782245000006
NYSE_DOX_2021_2022,0.0151057386600464,12.152429223333272,14.28,15.34,19.1,20.1,0.1359696683029267,0.388082148184158,72,59,2060,1040,24,0.9915030598640442,0.0084969289600849,0.4222348034381866,0.577765166759491,0.7186097502708435,0.2813902795314789,0.8592606782913208,0.1407392770051956,0.3942764699459076,0.60572350025177,0.9662999510765076,0.0337000787258148,0.9974682927131652,0.0025317354593425,NYSE,DOX,2021,2022,-10.815688175000002
NYSE_ATGE_2020_2021,0.0058910153326928,11.533286759712098,12.77,12.97,17.8,18.3,0.1179215377044654,0.3293905851791766,57,25,1079,450,9,0.9998653531074524,0.000134719259222,0.445536732673645,0.554463267326355,0.7182092070579529,0.2817907631397247,0.8830909729003906,0.1169090047478675,0.366969883441925,0.633030116558075,0.9877840876579284,0.0122159114107489,0.964897632598877,0.0351023748517036,NYSE,ATGE,2020,2021,-23.375118555000004
NYSE_BMY_2004_2005,0.1348314101755018,11.540676809501054,11.72,32.12,16.0,15.7,0.1453581648396181,0.3664635883504165,70,35,1052,665,69,0.9657844305038452,0.0342156030237674,0.3410966694355011,0.6589033603668213,0.7024289965629578,0.2975710034370422,0.9753154516220092,0.0246846042573452,0.5437275767326355,0.4562724232673645,0.978656768798828,0.0213432163000106,0.9679877161979676,0.0320122651755809,NYSE,BMY,2004,2005,
NYSE_CWT_2017_2018,0.0019920314756909,11.314962212186316,15.28,23.8,18.4,20.0,0.1138461265619537,0.3702210925232511,53,22,645,582,22,0.9774579405784608,0.0225421097129583,0.248815655708313,0.7511844038963318,0.4132765829563141,0.5867233872413635,0.9438794255256652,0.0561204962432384,0.7622919082641602,0.237708106637001,0.4088498651981354,0.5911501049995422,0.9638955593109132,0.0361043810844421,NYSE,CWT,2017,2018,-22.498283190000002
NYSE_ACN_2020_2021,0.0036855032327391,11.54432722810976,12.7,20.11,17.6,17.5,0.1599572073243007,0.3973458165800042,62,24,1098,445,23,0.9914615154266356,0.0085384370759129,0.3495223224163055,0.6504776477813721,0.3660313189029693,0.633968710899353,0.8179888725280762,0.1820110976696014,0.3608079552650451,0.6391921043395996,0.9747194647789,0.0252805445343256,0.9954155683517456,0.0045844209380447,NYSE,ACN,2020,2021,-24.990762509999996
NYSE_JBL_2018_2019,0.0219512141582404,11.457634717719442,13.27,27.56,17.8,17.8,0.054992211124755,0.3016587317274862,45,20,809,502,15,0.9908680319786072,0.0091319354251027,0.7807121276855469,0.2192878723144531,0.5543832778930664,0.4456167221069336,0.8222230672836304,0.1777769327163696,0.6027665734291077,0.3972333371639251,0.8879141211509705,0.1120858862996101,0.9997953176498412,0.000204709751415,NYSE,JBL,2018,2019,-15.095686880000006
NYSE_BMI_2020_2021,0.0144578278414872,11.265642897802692,12.02,15.41,17.4,16.9,0.1099976921459332,0.423015253869525,28,11,831,413,13,0.994176745414734,0.0058232815936207,0.4344419240951538,0.565558135509491,0.3399699032306671,0.6600301265716553,0.8228988647460938,0.1771011501550674,0.670563280582428,0.329436719417572,0.6389544010162354,0.361045628786087,0.988781213760376,0.0112187024205923,NYSE,BMI,2020,2021,-5.72227303
NYSE_BABA_2017_2018,0.1361255831803229,12.084814202636242,12.68,26.95,17.6,18.4,0.1293401481118466,0.3527984387729687,159,39,1476,1144,51,0.9661015272140504,0.0338984094560146,0.3164202570915222,0.683579683303833,0.7313854098320007,0.2686146795749664,0.9746026992797852,0.0253973472863435,0.7133194208145142,0.2866805791854858,0.955100417137146,0.0448995232582092,0.9837227463722228,0.0162772163748741,NYSE,BABA,2017,2018,-2.9939708649999996
